person,relation
Brion James,equivalent-to
Leon Kowalski,equivalent-to
Brion James,contributes
Leon Kowalski,contributes
Joanna Cassidy,equivalent-to
Zhora,equivalent-to
Joanna Cassidy,contributes
Zhora,contributes
Lee Sedol,participated
Lee Sedol,participated
Sakichi Toyoda,contributes
Mamie Van Doren,position-held
Pinky Lee,position-held
Philip K. Dick,contributes
Hampton Fancher,equivalent-to
Fancher,equivalent-to
Hampton Fancher,contributes
Michael Deeley,position-held
Ridley Scott,position-held
Ridley Scott,position-held
Manuel Toharia,geographicalRelation
Manuel Toharia,position-held
Manuel Toharia,position-held
Mick Foley,position-held
Rebecca Grant,position-held
Čapek,geographicalRelation
Paul J. McAuley,contributes
Lester del Rey,contributes
Fernando Lamas,position-held
Arlene Dahl,position-held
David Arquette,position-held
Elizabeth Berkley,position-held
Thomas Jane,position-held
Norman McLaren,position-held
Norman McLaren,position-held
Norman McLaren,position-held
The Wachowskis,contributes
J. Michael Straczynski,contributes
Dalton,position-held
Daniel Pearl,position-held
Daniel Pearl,geographicalRelation
Judea,contributes
Judea,position-held
John Waters,position-held
Walter R. Booth,position-held
Walter R. Booth,position-held
Cecil Hepworth,position-held
Chris Landreth,geographicalRelation
Chris Landreth,member
Chris Landreth,participated
Zack Snyder,usage
Zack Snyder,contributes
Clint Eastwood,usage
Clint Eastwood,contributes
Damien Chazelle,usage
Damien Chazelle,contributes
Patty Jenkins,usage
Patty Jenkins,contributes
Cary Joji Fukunaga,usage
Cary Joji Fukunaga,contributes
Joseph Kosinski,usage
Joseph Kosinski,contributes
Louis Daguerre,contributes
Henry Fox Talbot,contributes
David Avidan,equivalent-to
Donna D 'Errico,position-held
Carmen Electra,position-held
Traci Bingham,position-held
Heidi Mark,position-held
Randy,relationship
Jason Sklar,relationship
John Ireland,position-held
Joanne Dru,position-held
Macdonald Carey,position-held
Jack Broder,contributes
Kenny Florian,position-held
Edsinger,position-held
Weber,position-held
Sean Young,position-held
Sean Young,equivalent-to
Rachael,equivalent-to
Sean Young,contributes
Rachael,contributes
Rachael,member
Tyrell,member
Rachael,position-held
Nina Axelrod,position-held
Adam Savage,member
Adam Savage,position-held
Vernon Davis,position-held
Michael Stevens,position-held
Michael Stevens,equivalent-to
Vsauce,equivalent-to
Dug North,geographicalRelation
Chomick + Meder,geographicalRelation
Arthur Ganson,geographicalRelation
Joe Jones,geographicalRelation
Jacques Monestier,contributes
Jacques Monestier,equivalent-to
François Junod,geographicalRelation
Devol,position-held
Sam Katzman,position-held
William Castle,position-held
Cole Porter,position-held
Howard Keel,position-held
Kathryn Grayson,position-held
Ann Miller,position-held
Keenan Wynn,position-held
Bobby Van,position-held
James Whitmore,position-held
Kurt Kasznar,position-held
Tommy Rall,position-held
John B. Mason,position-held
Jim the Penman,position-held
Jim the Penman,contributes
Francis Ford Coppola,position-held
Michael Jackson,position-held
John Wayne,position-held
Rita Hayworth,position-held
Dean Martin,position-held
Jerry Lewis,position-held
Oldman,participated
Joseph Conrad,contributes
Charles Villiers Stanford,contributes
Timothy Leary,position-held
Richard Alpert,position-held
Noah Webster Sr.,relationship
Noah Webster Sr.,relationship
Mercy ( Steele ) Webster,relationship
Mercy ( Steele ) Webster,relationship
William Bradford,relationship
William Bradford,geographicalRelation
Noah,relationship
Abraham,relationship
Noah,relationship
Charles,relationship
Garp,member
Sue Bridehead,member
Edward Ashburnham,member
Sakharov,position-held
Sakharov,participated
Alfonso Cuarón,contributes
Marsters,geographicalRelation
Marsters,position-held
Ferdinand,position-held
Marsters,contributes
Ferdinand,contributes
Ferdinand,member
Bernard Miles,position-held
Milligan,position-held
Milligan,position-held
Ben Gunn,position-held
Milligan,geographicalRelation
Milligan,contributes
Ben Gunn,contributes
Ben Gunn,member
Einstein,relationship
Einstein,relationship
Charlie Chaplin,relationship
Charlie Chaplin,member
Charlie Chaplin,member
Jeroboam II,participated
Uzziah,participated
Jeroboam II,position-held
Uzziah,position-held
Wajda,participated
Wajda,geographicalRelation
Wajda,contributes
Wajda,contributes
Bergman,participated
Bergman,contributes
Wajda,contributes
Zbigniew Cybulski,contributes
Sandrine Bonnaire,position-held
Bruno Ganz,position-held
Kennedy,topic
Kennedy,position-held
Davy,position-held
Davy,position-held
Davy,position-held
Nimzowitsch,opposite
Hans Kmoch,opposite
Hans Kmoch,position-held
Virgil,member
Averroes,member
Homer,member
Horace,member
Ovid,member
Lucan,member
Socrates,member
Plato,member
Saladin,member
Nicky Henson,position-held
Napoleon,position-held
Nicky Henson,contributes
Napoleon,contributes
Toby Jones,position-held
Squealer,position-held
Toby Jones,contributes
Squealer,contributes
Ralph Ineson,position-held
Boxer,position-held
Ralph Ineson,contributes
Boxer,contributes
Luchino Visconti,position-held
Burt Lancaster,position-held
Alain Delon,position-held
Claudia Cardinale,position-held
Tom Tykwer,position-held
Belisarius,topic
Belisarius,geographicalRelation
Pope Innocent II,position-held
Pope Innocent II,position-held
Pope Innocent II,position-held
Pope Innocent II,position-held
Pope Innocent II,position-held
Pope Innocent II,position-held
Pope Innocent II,opposite
Antipope Anacletus II,opposite
Antipope Anacletus II,position-held
Antipope Anacletus II,position-held
Antipope Anacletus II,position-held
Antipope Anacletus II,position-held
Antipope Anacletus II,position-held
Antipope Anacletus II,position-held
Antipope Anacletus II,position-held
Delia,member
Peter Hall,position-held
Dr. John Dee,member
Sir Philip Sidney,geographicalRelation
Sir Philip Sidney,participated
Sir Philip Sidney,position-held
Christopher Marlowe,position-held
Paul Newman,position-held
Alex Rodríguez,position-held
Ian Angus,position-held
Bernard Crick,position-held
Leslie Caron,position-held
Louis Jourdan,position-held
Maurice Chevalier,position-held
Spengler,geographicalRelation
Bush,position-held
Bush,position-held
Augustus,participated
Augustus,participated
Augustus,participated
Augustus,participated
Augustus,participated
Augustus,position-held
Augustus,position-held
Allan Gotthelf,contributes
Allan Gotthelf,position-held
George Walsh,contributes
George Walsh,position-held
David Kelley,contributes
David Kelley,position-held
Eric Stoltz,position-held
Terence Davies,position-held
Gordon,position-held
Gordon,position-held
Gordon,geographicalRelation
Gordon,geographicalRelation
Gordon,geographicalRelation
Gordon,contributes
Dolly Levi,member
"Harry Roat , Jr",member
Lavigne,position-held
Lavigne,contributes
Johnny Gruelle,contributes
Carter,position-held
Carter,participated
Carter,contributes
Carter,contributes
Carter,contributes
Kenneth Branagh,geographicalRelation
Kenneth Branagh,participated
Big Brother,member
Adolf Hitler,member
Adolf Hitler,geographicalRelation
Adolf Hitler,geographicalRelation
Bigger Thomas,member
Wright,member
Bigger Thomas,member
Bigger Thomas,position-held
Wright,position-held
Augustus,geographicalRelation
Klinger,position-held
.J. R. Williams,contributes
James Wilby,position-held
James Wilby,contributes
Jonathan Pryce,position-held
W. H. R. Rivers,position-held
Jonathan Pryce,member
W. H. R. Rivers,member
W. H. R. Rivers,position-held
Eupolemus,member
Eupolemus,geographicalRelation
Moses,position-held
Chaim Weizmann,position-held
Albert Einstein,geographicalRelation
Gittel,geographicalRelation
Devorah,geographicalRelation
Boris Barnet,member
Sergei Parajanov,member
Alexander Dovzhenko,member
Dennis MacAlistair Ritchie,equivalent-to
Ritchie,equivalent-to
Dennis MacAlistair Ritchie,participated
Dennis MacAlistair Ritchie,participated
Ritchie,participated
Ritchie,participated
Ritchie,participated
Thompson,participated
Bill Clinton,position-held
Thornton,position-held
Thornton,position-held
Earl Scruggs,position-held
Johnny Cash,contributes
Moore,participated
Moore,position-held
Moore,participated
Moore,geographicalRelation
Moore,position-held
Havens,geographicalRelation
Havens,participated
Apuleius,geographicalRelation
Apuleius,equivalent-to
Apuleius,equivalent-to
Septimius Severus,equivalent-to
Wilson,position-held
Wes Anderson,contributes
Jason Schwartzman,position-held
Adrien Brody,position-held
Warren Lewis,member
Warren Lewis,position-held
Robert Knox,equivalent-to
".Knox , Robert",equivalent-to
Robert Knox,position-held
Rajasinha II of Kandy,position-held
Rajasinha II of Kandy,geographicalRelation
Rajasinha II of Kandy,position-held
Robert Knox,contributes
Albert Gallatin,position-held
Sebastian,contributes
Claude Rains,contributes
Sebastian,position-held
Claude Rains,position-held
Alicia Huberman,contributes
Ingrid Bergman,contributes
Alicia Huberman,position-held
Ingrid Bergman,position-held
Kelly,relationship
Domingo Ding Chavez,relationship
Kelly,position-held
Kelly,geographicalRelation
Kelly,equivalent-to
Clark,equivalent-to
Domingo Ding Chavez,position-held
Domingo Ding Chavez,geographicalRelation
Bal Thackeray,position-held
Bal Thackeray,position-held
Bal Thackeray,geographicalRelation
Pope,relationship
Pope,relationship
Goldberg,position-held
Celie,position-held
Goldberg,position-held
Goldberg,participated
Goldberg,contributes
Celie,contributes
Celie,geographicalRelation
Celie,member
Murdoch,relationship
Lloyd,participated
Vijayachandra,relationship
Jayachandra,relationship
Fry,position-held
Fry,geographicalRelation
Phoenix,participated
Phoenix,geographicalRelation
Phoenix,participated
Kim Novak,position-held
Eva Marie Saint,position-held
John F. Kennedy,participated
Japhy Ryder,member
Japhy Ryder,contributes
Dean Moriarty,contributes
Dean Moriarty,member
Zavattini,member
Augustus,opposite
Augustus,geographicalRelation
Augustus,position-held
Harry Angstrom,member
Gates,position-held
Tony Blair,equivalent-to
George DeMarco,geographicalRelation
George DeMarco,participated
David Gerard,geographicalRelation
David Gerard,participated
James Watts,geographicalRelation
Jack Ryan,position-held
Jack Ryan,equivalent-to
Grete Trakl,relationship
Jagger,position-held
Jagger,position-held
Ned Kelly,position-held
Ned Kelly,equivalent-to
Jagger,contributes
Ned Kelly,contributes
George Washington,position-held
Spooner,position-held
More,member
Margaret of Valois,position-held
Melanie Daniels,member
Mitch Brenner,member
Mitch Brenner,member
Rod Taylor,member
Mitch Brenner,position-held
Rod Taylor,position-held
Allan Massie,position-held
Allan Massie,position-held
Hannon,contributes
Helen C. White,position-held
Gansevoort,position-held
Gansevoort,geographicalRelation
George W. Bush,position-held
George W. Bush,contributes
Sennacherib,equivalent-to
Sennacherib,geographicalRelation
Richard Jones,participated
Van Sant,participated
Van Sant,member
Van Sant,contributes
Andromache,position-held
Andromache,member
John Milius,contributes
Conan,contributes
Conan,contributes
Conan,contributes
Conan,contributes
Baron Cohen,position-held
Baron Cohen,position-held
Baron Cohen,position-held
Baron Cohen,position-held
Hugo,position-held
Baron Cohen,position-held
Baron Cohen,contributes
Ellis,equivalent-to
Zarelli,equivalent-to
Ellis,contributes
Gide,geographicalRelation
Gide,geographicalRelation
Gide,geographicalRelation
Gide,geographicalRelation
Gide,geographicalRelation
Kat Bjelland,member
Kat Bjelland,geographicalRelation
Greta Garbo,position-held
George Cukor,position-held
Nora,position-held
Sean Bean,position-held
Owen Teale,position-held
Bush,contributes
Fletcher,contributes
Anne,relationship
Conan,equivalent-to
Conan,equivalent-to
Nero,position-held
Alvida,geographicalRelation
Alvida,position-held
Alvida,relationship
Torrismondo,relationship
Torrismondo,equivalent-to
Napoleon,participated
Wilder,participated
Wilder,participated
Wilder,position-held
Polanski,contributes
Jean Dujardin,position-held
Jean Dujardin,contributes
Georges Picquart,equivalent-to
Alfred Dreyfus,member
Alfred Dreyfus,position-held
Alfred Dreyfus,geographicalRelation
Maud Muller,participated
Henry Morgan,position-held
Empress Wu,geographicalRelation
John F. Kennedy,geographicalRelation
John F. Kennedy,position-held
Maysles,contributes
Maysles,contributes
Nixon,opposite
Nixon,equivalent-to
Nixon,equivalent-to
Nixon,contributes
Mansur I,position-held
Marie-Laure LeBlanc,topic
Volker Schlöndorff,contributes
Volker Schlöndorff,participated
Shirley Temple,position-held
Shirley Temple,position-held
Dwan,contributes
Dwan,contributes
Franklin,participated
Franklin,member
Franklin,participated
Herbert / Anderson,contributes
Herbert / Anderson,contributes
Alan Greenspan,position-held
Alan Greenspan,position-held
Nathan Blumenthal,equivalent-to
Nathan Blumenthal,position-held
Nathan Blumenthal,equivalent-to
Nathaniel Branden,equivalent-to
Leonard Peikoff,relationship
Maxwell Knight,geographicalRelation
Samuel Pepys,member
Robert Harley,position-held
Leslie Howard,contributes
Leslie Howard,position-held
Ortega,topic
Hoffman Reynolds Hays,position-held
Abunuwasi,member
Abunuwasi,member
Abunuwasi,equivalent-to
Abunawas,equivalent-to
Ada Lovelace,member
Ignatius J. Reilly,member
Alexander Iolas,position-held
Leonardo da Vinci,equivalent-to
Leonardo da Vinci,equivalent-to
Leonardo da Vinci,contributes
Dwan,member
Dwan,relationship
Douglas Fairbanks,relationship
Mary Pickford,member
Mary Pickford,position-held
Douglas Fairbanks,position-held
Saul Braun,contributes
Franklin Lewis,geographicalRelation
Franklin Lewis,position-held
Remment Koolhaas,geographicalRelation
Remment Koolhaas,relationship
Remment Koolhaas,relationship
Selinde Pietertje Roosenburg,relationship
Remment Koolhaas,equivalent-to
Rem Koolhaas,equivalent-to
McEntire,position-held
Nellie Forbush,position-held
McEntire,contributes
Nellie Forbush,contributes
Nellie Forbush,member
Alec Baldwin,position-held
Luther Billis,position-held
Luther Billis,member
Alec Baldwin,contributes
Luther Billis,contributes
Brian Stokes Mitchell,position-held
Emile de Becque,position-held
Emile de Becque,member
Brian Stokes Mitchell,contributes
Emile de Becque,contributes
Walter Bobbie,position-held
Fry,geographicalRelation
Fry,position-held
Michael Caine,geographicalRelation
Michael Caine,position-held
Elton John,geographicalRelation
Elton John,position-held
Richard Branson,geographicalRelation
Richard Branson,position-held
Simon Cowell,geographicalRelation
Simon Cowell,position-held
Wilson,member
Wilson,position-held
Wilson,position-held
Wilson,position-held
Wilson,position-held
Wilson,position-held
Anatole Litvak,contributes
D. Alexandre,relationship
D. Alexandre,equivalent-to
Aeneas,member
Aeneas,relationship
Penates,relationship
Dardanus,geographicalRelation
Father Iasius,geographicalRelation
Penates,geographicalRelation
Lena Dunham,contributes
Lena Dunham,position-held
Dwan,geographicalRelation
Dwan,position-held
Victor Fleming,position-held
Dwan,position-held
Victor Fleming,geographicalRelation
Victor Fleming,contributes
Victor Fleming,contributes
Michel,relationship
Ron Howard,position-held
Berkoff,position-held
Woggle-Bug,equivalent-to
Woggle-Bug,equivalent-to
Larry Patterson,geographicalRelation
Roger Perry,geographicalRelation
Miller,participated
Miller,contributes
Mart Laar,position-held
Mart Laar,position-held
Rumsfeld,position-held
Rumsfeld,position-held
Rumsfeld,position-held
Rumsfeld,position-held
Rumsfeld,position-held
Walt Disney,position-held
Theseus,member
Theseus,geographicalRelation
Theseus,geographicalRelation
Theseus,geographicalRelation
Beethoven,contributes
Beethoven,contributes
Thorpe,member
Thorpe,geographicalRelation
Thorpe,position-held
Richard Nixon,geographicalRelation
Pierre Teilhard de Chardin,geographicalRelation
Pierre Teilhard de Chardin,relationship
Emmanuel Teilhard de Chardin,relationship
Pierre Teilhard de Chardin,relationship
"Berthe-Adèle , née de Dompierre d 'Hornoys of Picardy",relationship
"Berthe-Adèle , née de Dompierre d 'Hornoys of Picardy",relationship
Cuarón,contributes
Lee,participated
Lee,contributes
Coens,contributes
Coens,contributes
Gaozu,geographicalRelation
Gaozu,position-held
Ethan Hawke,position-held
Gwyneth Paltrow,position-held
Robert De Niro,position-held
Curley,geographicalRelation
Major Jack Celliers,member
Jareth,member
Jareth,equivalent-to
Pontius Pilate,member
Nikola Tesla,member
Thornton,relationship
Pietra Dawn Cherniak,relationship
Thornton,relationship
Harry James,relationship
Thornton,relationship
William,relationship
Pietra Dawn Cherniak,position-held
Chaviano,equivalent-to
Melisa,member
Melisa,contributes
Chaviano,contributes
Melisa,member
Mikhail Romm,position-held
Mikhail Romm,geographicalRelation
Mikhail Romm,position-held
Kim Basinger,position-held
Harry Dean Stanton,position-held
Randy Quaid,position-held
Holmes,member
Holmes,member
Holmes,member
Edwards,position-held
Maria,relationship
Maria,relationship
Maria,relationship
Elizabeth,relationship
Maria,relationship
Maria,relationship
Maria,relationship
Maria,relationship
Maria,relationship
Elizabeth Branwell,relationship
Charles Lindbergh,position-held
Kuchela,relationship
Krishna,relationship
Kuchela,geographicalRelation
Krishna,geographicalRelation
George Canning,equivalent-to
Peikoff,opposite
David Kelley,opposite
Peikoff,position-held
Peikoff,member
Maria Teresa,relationship
Laura,geographicalRelation
Charles,position-held
Charles,position-held
Idle Jack,position-held
Charles,contributes
Idle Jack,contributes
Idle Jack,member
Dr. ' A,equivalent-to
Eisenhower,geographicalRelation
Eisenhower,position-held
Eisenhower,position-held
Eisenhower,equivalent-to
Eisenhower,equivalent-to
Lefty Feep,contributes
Emperor Toghon Temür,position-held
Emperor Toghon Temür,participated
Princess Noguk,relationship
Princess Noguk,relationship
Gongmin,relationship
Princess Noguk,equivalent-to
Lindbergh,equivalent-to
Lindbergh,equivalent-to
Lindbergh,topic
Marcel Janco,contributes
Jim Broadbent,position-held
Major,member
Norman,member
Mr Dr Mawhinney,member
Donald Cammell,contributes
Nicolas Roeg,contributes
Ty Burr,position-held
DiCaprio,participated
Luhrmann,participated
Joseph Papp,contributes
Clive Owen,position-held
Julianne Moore,position-held
Michael Caine,position-held
Robert Moses,topic
Robert Moses,equivalent-to
Moses,equivalent-to
Moses,contributes
Fry,position-held
Gruelle,relationship
Gruelle,equivalent-to
John Gruelle,equivalent-to
John Gruelle,contributes
Jackie,participated
Jackie,participated
Jackie,position-held
Chris Schenkel,participated
Chris Schenkel,position-held
Augustine,geographicalRelation
Nichols,participated
Nichols,position-held
Diederichs,position-held
Holden Caulfield,contributes
Holden Caulfield,member
Sebastion Dangerfield,member
Sebastion Dangerfield,member
Jonson,equivalent-to
Jonson,contributes
Jonson,contributes
Jonson,contributes
Salomon Pavy,position-held
Banjo Paterson,equivalent-to
Banjo Paterson,contributes
Sidney Lumet,position-held
Kurosawa,position-held
Kurosawa,position-held
Sydney Pollack,participated
Sydney Pollack,contributes
Coldcut,position-held
Mixmaster Morris,position-held
Caterina di Giacomo di Benincasa,participated
Caterina di Giacomo di Benincasa,geographicalRelation
Caterina di Giacomo di Benincasa,relationship
Lapa Piagenti,relationship
Caterina di Giacomo di Benincasa,relationship
Giacomo di Benincasa,relationship
Baron Cohen,geographicalRelation
Baron Cohen,position-held
Baron Cohen,position-held
Baron Cohen,equivalent-to
Baron Cohen,equivalent-to
Baron Cohen,position-held
Baron Cohen,position-held
Baron Cohen,position-held
Andrews,participated
Andrews,participated
Andrews,participated
Andrews,participated
Andrews,participated
Andrews,participated
Andrews,participated
Andrews,participated
Andrews,participated
Carroll Clark,position-held
Van Nest Polglase,position-held
Hermes Pan,position-held
Hermes Pan,contributes
Hermes Pan,contributes
Gregory Peck,position-held
Antonia Apodaca,member
Burton,participated
Burton,participated
Burton,contributes
Andrews,participated
Holly Holliday,position-held
Holly Holliday,contributes
Holly Holliday,member
Bill Graham,geographicalRelation
Bill Graham,position-held
James Cagney,participated
Schmidt,geographicalRelation
Barney Bubbles,position-held
Barney Bubbles,position-held
Barney Bubbles,position-held
Barney Bubbles,position-held
Barney Bubbles,position-held
Barney Bubbles,position-held
Kidman,participated
George Lucas,position-held
Lucas,position-held
Willard Huyck,position-held
Gloria Katz,position-held
Candy Clark,position-held
Verna Fields,position-held
Marcia Lucas,position-held
Michael Jackson,member
Cimino,participated
Walken,participated
Bob Marley,relationship
De Niro,position-held
Foster,position-held
Nova,geographicalRelation
Nova,position-held
Nova,participated
Nova,geographicalRelation
Nova,position-held
Nova,participated
Nova,contributes
De Niro,position-held
Brad Shoup,member
Brad Shoup,position-held
Pete Wilson,position-held
Nick Grimshaw,geographicalRelation
Rita Ora,geographicalRelation
Paolo Nutini,geographicalRelation
Hopkins,participated
Tyler,position-held
Tyler,position-held
Tyler,position-held
Tyler,position-held
Constanța Burcică,participated
Constanța Burcică,participated
Jones,participated
Zine Eddine Benmakhlouf,participated
Jones,position-held
Jones,geographicalRelation
Zine Eddine Benmakhlouf,position-held
Zine Eddine Benmakhlouf,geographicalRelation
Ivan Mladina,geographicalRelation
Ivan Mladina,geographicalRelation
Ivan Mladina,position-held
Tim Burton,geographicalRelation
Tim Burton,participated
Tim Burton,contributes
Tim Burton,contributes
Evan Lysacek,usage
Evan Lysacek,participated
Schayes,position-held
Schayes,position-held
Walter Huston,position-held
George Amy,position-held
Diane Keaton,participated
Woody Allen,participated
Lemmon,participated
Lucian K. Truscott IV,position-held
Ricky Martin,member
Ricky Martin,position-held
Justin Timberlake,member
Justin Timberlake,position-held
Ronan Keating,member
Ronan Keating,position-held
Wilnelia Merced,participated
Wilnelia Merced,geographicalRelation
Parsons,position-held
Parsons,position-held
Parsons,position-held
Parsons,position-held
Mario Puzo,participated
Bob Dylan,position-held
Govere,geographicalRelation
Govere,position-held
Govere,position-held
Govere,contributes
Johnston,position-held
Johnston,position-held
Vicki Mortimer,participated
Baron Cohen,participated
Baron Cohen,participated
Baron Cohen,position-held
Baron Cohen,position-held
Baron Cohen,participated
Baron Cohen,position-held
Baron Cohen,contributes
Baron Cohen,contributes
Rohani,position-held
Rohani,position-held
Bubbles,position-held
Bubbles,position-held
Bubbles,position-held
Bubbles,position-held
Turner,position-held
Turner,contributes
Turner,member
Grant,participated
Grant,participated
Scott Thomas,participated
Afshin-Jam,participated
Afshin-Jam,geographicalRelation
Afshin-Jam,position-held
Kidman,participated
Kidman,participated
Coppola,participated
Coppola,participated
Coppola,participated
Mario Puzo,participated
Benson,position-held
Benson,contributes
Tigran Chukhajian,contributes
Tigran Chukhajian,equivalent-to
Simon Fuller,position-held
Simon Fuller,position-held
Simon Fuller,position-held
Simon Fuller,position-held
Simon Fuller,position-held
Simon Fuller,position-held
Simon Fuller,position-held
Simon Fuller,position-held
Lawrence Turman,position-held
Dustin Hoffman,position-held
Anne Bancroft,position-held
Katharine Ross,position-held
Buck Henry,position-held
Calder Willingham,position-held
Robert L. Surtees,position-held
Janis Joplin,member
Janis Joplin,member
Gil Kaufman,position-held
Wolf-Rüdiger Mühlmann,position-held
Hunt,participated
Hunt,position-held
Carol Connelly,position-held
Hunt,position-held
Cheryl Cohen-Greene,position-held
Hunt,position-held
Hunt,contributes
Carol Connelly,contributes
Carol Connelly,member
Hunt,contributes
Cheryl Cohen-Greene,contributes
Cheryl Cohen-Greene,member
Mark Elder,position-held
Sebastián Piñera,participated
Chen,position-held
Milt Gabler,relationship
Milt Gabler,position-held
Milt Gabler,position-held
Bubbles,position-held
Bubbles,position-held
Bubbles,position-held
Bubbles,position-held
Bubbles,position-held
Homer,member
Homer,relationship
Lisa,relationship
Homer,relationship
Bart,relationship
Homer,relationship
Milhouse,relationship
Lisa,member
Bart,member
Allen,position-held
Diane Keaton,position-held
Diane Keaton,equivalent-to
Keaton,equivalent-to
Keaton,participated
Joe Tangari,position-held
Floy Quintos,contributes
Spacek,position-held
Spacek,position-held
Reesman Bryan,member
Edward af Sillén,position-held
Brad Shoup,position-held
Van Bentum,position-held
Van Bentum,participated
Barney Bubbles,position-held
Barney Bubbles,position-held
Barney Bubbles,position-held
Barney Bubbles,position-held
Barney Bubbles,position-held
Barney Bubbles,contributes
Didon,position-held
Didon,member
Didon,contributes
Stéphane Lafarge,position-held
Énée,position-held
Énée,member
Stéphane Lafarge,contributes
Énée,contributes
Bubbles,position-held
Bubbles,position-held
Bubbles,position-held
Bubbles,position-held
Wolf-Rüdiger Mühlmann,position-held
Glen Campbell,member
Bobbie Gentry,member
John Denver,member
Olivia Newton-John,member
Lou Pearlman,geographicalRelation
Lou Pearlman,member
Lou Pearlman,position-held
Lou Pearlman,member
Lou Pearlman,position-held
Lou Pearlman,member
Lou Pearlman,position-held
Lou Pearlman,member
Lou Pearlman,position-held
Lou Pearlman,member
Lou Pearlman,position-held
Lou Pearlman,contributes
Lou Pearlman,contributes
Lou Pearlman,contributes
Lou Pearlman,contributes
Lou Pearlman,contributes
Nichols,participated
Hoffman,participated
Sam O 'Steen,participated
Sandy Pearlman,position-held
Sandy Pearlman,position-held
Murray Krugman,position-held
Tom Werman,position-held
Tom Werman,position-held
Tom Werman,position-held
Phil Simmons,equivalent-to
Phil Simmons,member
Phil Simmons,position-held
Andy Caddick,member
Andy Caddick,position-held
Andy Caddick,member
Andy Caddick,position-held
Simmons,opposite
Nasser Hussain,member
Nasser Hussain,position-held
Peter Such,member
Peter Such,position-held
Hussain,position-held
Hussain,position-held
Such,member
Such,position-held
Chris Lewis,member
Chris Lewis,position-held
Chris Lewis,position-held
Mark Butcher,member
Mark Butcher,position-held
Tom Moody,member
Paul Johnson,opposite
Martin McCague,opposite
Martin McCague,position-held
A. Dale,position-held
H. Morris,position-held
D. Blenkiron,position-held
S. Watkin,position-held
P. Johnson,position-held
M. McCague,position-held
C. Lewis,position-held
M. Butcher,position-held
G. Kersey,position-held
J. Ratcliffe,position-held
D. Bicknell,position-held
W. Athey,position-held
V. Drakes,position-held
I. Austin,position-held
W. Hegg,position-held
J. Pooley,position-held
M. Ramprakash,position-held
M. Gatting,position-held
J. Adams,position-held
T.O'Gorman,position-held
K. Barnett,position-held
T. Moody,position-held
J. Russell,position-held
K. Curran,position-held
A. Smith,position-held
SHEARER,position-held
Alan Shearer,position-held
Tony Adams,position-held
David Platt,position-held
Adams,position-held
Platt,position-held
Shearer,position-held
Shearer,position-held
Shearer,position-held
Teddy Sheringham,position-held
Shearer,position-held
Les Ferdinand,position-held
Cosmin Contra,position-held
Mihai Tararache,position-held
Danius Gleveckas,position-held
Anatoly Gorokhovsky,position-held
ROBERTO DURAN,geographicalRelation
"Roberto "" Hands of Stone "" Duran",equivalent-to
Duran,opposite
Ariel Cruz,opposite
Duran,geographicalRelation
Ariel Cruz,equivalent-to
Ariel Cruz,geographicalRelation
Duran,position-held
Duran,equivalent-to
Duran,equivalent-to
Ramon Manzanares,position-held
Duran,opposite
"Hector "" Macho "" Camacho",opposite
"Hector "" Macho "" Camacho",geographicalRelation
Camacho,geographicalRelation
Jansher Khan,position-held
Jansher Khan,geographicalRelation
Jansher Khan,participated
Mark Cairns,participated
Mark Cairns,position-held
Mark Cairns,geographicalRelation
Anthony Hill,geographicalRelation
Anthony Hill,participated
Dan Jenson,participated
Dan Jenson,geographicalRelation
Peter Nicol,geographicalRelation
Peter Nicol,participated
Chris Walker,participated
Chris Walker,geographicalRelation
Rodney Eyles,geographicalRelation
Rodney Eyles,participated
Derek Ryan,participated
Derek Ryan,geographicalRelation
Sandrine Testud,geographicalRelation
Sandrine Testud,participated
Ines Gorrochategui,participated
Ines Gorrochategui,geographicalRelation
Goran Ivanisevic,geographicalRelation
Goran Ivanisevic,participated
Scott Draper,participated
Scott Draper,geographicalRelation
Tim Henman,geographicalRelation
Tim Henman,participated
Doug Flach,participated
Doug Flach,geographicalRelation
Mark Philippoussis,geographicalRelation
Mark Philippoussis,participated
Andrei Olhovskiy,participated
Andrei Olhovskiy,geographicalRelation
Sjeng Schalken,geographicalRelation
Sjeng Schalken,participated
David Rikl,participated
David Rikl,geographicalRelation
Guy Forget,geographicalRelation
Guy Forget,participated
Felix Mantilla,participated
Felix Mantilla,geographicalRelation
Alexander Volkov,geographicalRelation
Alexander Volkov,participated
Mikael Tillstrom,participated
Mikael Tillstrom,geographicalRelation
Jonas Bjorkman,geographicalRelation
Jonas Bjorkman,participated
David Nainkin,participated
David Nainkin,geographicalRelation
Lindsay Davenport,geographicalRelation
Lindsay Davenport,participated
Anne-Gaelle Sidot,participated
Anne-Gaelle Sidot,geographicalRelation
Conchita Martinez,geographicalRelation
Conchita Martinez,participated
Helena Sukova,participated
Helena Sukova,geographicalRelation
Amanda Coetzer,geographicalRelation
Amanda Coetzer,participated
Irina Spirlea,participated
Irina Spirlea,geographicalRelation
Cedric Pioline,geographicalRelation
Cedric Pioline,participated
Roberto Carretero,participated
Roberto Carretero,geographicalRelation
Alex Corretja,geographicalRelation
Alex Corretja,participated
Filippo Veglio,participated
Filippo Veglio,geographicalRelation
Linda Wild,geographicalRelation
Linda Wild,participated
Barbara Rittner,participated
Barbara Rittner,geographicalRelation
Asa Carlsson,geographicalRelation
Asa Carlsson,participated
Gabriela Sabatini,participated
Gabriela Sabatini,geographicalRelation
Pete Sampras,geographicalRelation
Pete Sampras,participated
Jiri Novak,participated
Jiri Novak,geographicalRelation
Paul Haarhuis,geographicalRelation
Paul Haarhuis,participated
Michael Tebbutt,participated
Michael Tebbutt,geographicalRelation
Lisa Raymond,geographicalRelation
Lisa Raymond,participated
Kimberly Po,participated
Kimberly Po,geographicalRelation
Hendrik Dreekmann,geographicalRelation
Hendrik Dreekmann,participated
Thomas Johansson,participated
Thomas Johansson,geographicalRelation
Andrei Medvedev,geographicalRelation
Andrei Medvedev,participated
Jan Kroslak,participated
Jan Kroslak,geographicalRelation
Petr Korda,geographicalRelation
Petr Korda,participated
Bohdan Ulihrach,participated
Bohdan Ulihrach,geographicalRelation
Monica Seles,geographicalRelation
Monica Seles,participated
Dally Randriantefy,participated
Dally Randriantefy,geographicalRelation
Todd Martin,geographicalRelation
Todd Martin,participated
Andrea Gaudenzi,participated
Andrea Gaudenzi,geographicalRelation
Stefan Edberg,geographicalRelation
Stefan Edberg,participated
Bernd Karbacher,participated
Bernd Karbacher,geographicalRelation
Andre Agassi,position-held
MaliVai Washington,position-held
MaliVai Washington,position-held
Marcelo Rios,position-held
Washington,position-held
Washington,participated
Alex O'Brien,participated
Alex O'Brien,position-held
Rios,position-held
Rios,participated
Jeff Tarango,participated
Jeff Tarango,position-held
Agassi,participated
Leander Paes,participated
Leander Paes,geographicalRelation
Washington,participated
Todd Martin,participated
Washington,position-held
Todd Martin,position-held
O'Brien,geographicalRelation
O'Brien,opposite
Washington,opposite
O'Brien,member
O'Brien,participated
Washington,participated
Washington,opposite
O'Brien,opposite
Tarango,position-held
Tarango,position-held
Tarango,opposite
Rios,opposite
Rios,opposite
Tarango,opposite
Tarango,opposite
Rios,opposite
CUNNINGHAM,position-held
Randall Cunningham,position-held
Cunningham,position-held
Cunningham,position-held
"""",position-held
"""",position-held
"""",position-held
owner Jeffrey,position-held
Randall,position-held
Randall,position-held
Randall,position-held
Jesper Parnevik,geographicalRelation
Dave Barr,geographicalRelation
HENKE,geographicalRelation
Nolan Henke,position-held
Tiger Woods,position-held
Igor Shkvyrin,equivalent-to
Hassan Abbas,opposite
Bitar,opposite
Nader Jokhadar,position-held
Shu Kamo,position-held
CUTTITTA,member
Marcello Cuttitta,position-held
Cuttitta,position-held
George Coste,position-held
Stefano Bordon,position-held
Coste,position-held
Corrado Covi,position-held
Cuttitta,participated
Cuttitta,position-held
Takuya Takagi,opposite
Salem Bitar,opposite
Nader Jokhadar,opposite
Kenichi Shimokawa,opposite
Ammar Awad,opposite
Kenichi Shimokawa,opposite
Bitar,opposite
Kazuyoshi Miura,opposite
Bitar,opposite
Takagi,opposite
Bitar,opposite
Miura,opposite
Bitar,opposite
Naoki Soma,position-held
Kenichi Shimokawa,position-held
Hiroshige Yanagimoto,position-held
Naoki Soma,position-held
Masami Ihara,position-held
Norio Omura,position-held
Motohiro Yamaguchi,position-held
Masakiyo Maezono,position-held
Yasuto Honda,position-held
Takuya Takagi,position-held
Hiroshi Nanami,position-held
Kazuyoshi Miura,position-held
Hiroaki Morishima,position-held
Masayuki Okano,position-held
Salem Bitar,position-held
Bachar Srour,position-held
Hassan Abbas,position-held
Tarek Jabban,position-held
Ammar Awad,position-held
Louay Taleb,position-held
Nihad al-Boushi,position-held
Mohammed Afash,position-held
Ali Dib,position-held
Abdul Latif Helou,position-held
Ammar Rihawiy,position-held
Khaled Zaher,position-held
Nader Jokhadar,position-held
Jesper Ronnback,geographicalRelation
Andrei Ivanov,geographicalRelation
Ryan Johnson,geographicalRelation
Jean-Luc Brassard,geographicalRelation
Korneilus Hole,geographicalRelation
Jeremie Collomb-Patton,geographicalRelation
Jim Moran,geographicalRelation
Dominick Gauthier,geographicalRelation
Johann Gregoire,geographicalRelation
Troy Benson,geographicalRelation
Tatjana Mittermayer,geographicalRelation
Candice Gilg,geographicalRelation
Minna Karhu,geographicalRelation
Tae Satoya,geographicalRelation
Ann Battellle,geographicalRelation
Donna Weinbrecht,geographicalRelation
Liz McIntyre,geographicalRelation
Elena Koroleva,geographicalRelation
Ljudmila Dymchenko,geographicalRelation
Katleen Allais,geographicalRelation
Takuya Takagi,position-held
Nader Jokhadar,position-held
Reggie Blinker,equivalent-to
Reggie Blinker,position-held
Reggie Blinker,position-held
Blinker,position-held
Blinker,position-held
Blinker,position-held
Blinker,position-held
Blinker,position-held
BOWYER,position-held
Lee Bowyer,position-held
Lee Bowyer,member
Lee Bowyer,geographicalRelation
Bowyer,geographicalRelation
Bowyer,position-held
Bowyer,geographicalRelation
Bowyer,opposite
Daniel Herbert,equivalent-to
Little,position-held
Daniel Herbert,position-held
Owen Finegan,opposite
Owen Finegan,position-held
Daniel Manu,position-held
David Campese,position-held
David Campese,member
Campese,opposite
Rob Andrew,opposite
Rob Andrew,position-held
Rob Andrew,opposite
said,geographicalRelation
Tim Stimpson,position-held
Tim Stimpson,member
Tony Underwood,position-held
Tony Underwood,member
Ian Jones,position-held
Ian Jones,position-held
Norm Hewitt,position-held
Norm Hewitt,position-held
Tim Stimpson,position-held
Tim Stimpson,geographicalRelation
Nigel Walker,position-held
Nigel Walker,geographicalRelation
Allan Bateman,position-held
Allan Bateman,geographicalRelation
Gregor Townsend,position-held
Gregor Townsend,geographicalRelation
Tony Underwood,position-held
Tony Underwood,geographicalRelation
Rob Andrew,position-held
Rob Andrew,geographicalRelation
Rob Howley,position-held
Rob Howley,geographicalRelation
Scott Quinnell,position-held
Scott Quinnell,geographicalRelation
Neil Back,position-held
Neil Back,geographicalRelation
Dale McIntosh,position-held
Dale McIntosh,geographicalRelation
Ian Jones,position-held
Ian Jones,geographicalRelation
Craig Quinnell,position-held
Craig Quinnell,geographicalRelation
Darren Garforth,position-held
Darren Garforth,geographicalRelation
Norm Hewitt,position-held
Norm Hewitt,geographicalRelation
Nick Popplewell,position-held
Nick Popplewell,geographicalRelation
Matthew Burke,position-held
Joe Roff,position-held
Daniel Herbert,position-held
Tim Horan,position-held
David Campese,position-held
Pat Howard,position-held
Sam Payne,position-held
Michael Brial,position-held
David Wilson,position-held
Owen Finegan,position-held
David Giffin,position-held
Tim Gavin,position-held
Andrew Blades,position-held
Marco Caputo,position-held
Dan Crowley,position-held
Des Terblanche,position-held
Des Terblanche,member
Mark McNulty,position-held
Mark McNulty,geographicalRelation
Steve van Vuuren,position-held
Steve van Vuuren,member
Nick Price,position-held
Nick Price,geographicalRelation
Justin Hobday,position-held
Justin Hobday,member
Andrew Pitts,geographicalRelation
Mark Cayeux,geographicalRelation
Schalk van der Merwe,geographicalRelation
Adilson da Silva,geographicalRelation
Trevor Dodds,geographicalRelation
Don Robertson,geographicalRelation
Anghel Iordanescu,member
Valentin Stefan,position-held
Valentin Stefan,position-held
Viorel Ion,position-held
Viorel Ion,position-held
Liviu Ciobotariu,position-held
Liviu Ciobotariu,position-held
Adrian Ilie,position-held
Adrian Ilie,position-held
Lara,position-held
Shane Warne,position-held
Clive Lloyd,position-held
Lara,opposite
Ian Healy,opposite
Geoff Marsh,member
Shivnarine Chanderpaul,position-held
Greg Blewett,position-held
David Boon,position-held
Shaun Young,position-held
Michael DiVenuto,position-held
Brian Lara,position-held
Brian Lara,position-held
Lara,member
Ian Healy,member
Ian Healy,position-held
Courtney Walsh,position-held
Lara,opposite
Lara,opposite
Geoff Marsh,opposite
Geoff Marsh,member
Lara,opposite
Healy,opposite
Lara,geographicalRelation
Lara,position-held
Courtney Walsh,position-held
Mark Taylor,position-held
Mark Waugh,position-held
Ricky Ponting,position-held
Greg Blewett,position-held
Michael Bevan,position-held
Stuart Law,position-held
Tom Moody,position-held
Ian Healy,position-held
Paul Reiffel,position-held
Shane Warne,position-held
Jason Gillespie,position-held
Glenn McGrath,position-held
Sherwin Campbell,position-held
Robert Samuels,position-held
Brian Lara,position-held
Shivnarine Chanderpaul,position-held
Carl Hooper,position-held
Jimmy Adams,position-held
Junior Murray,position-held
Nixon McLean,position-held
Kenneth Benjamin,position-held
Curtly Ambrose,position-held
Courtney Walsh,position-held
Roland Holder,position-held
Chen Gang,geographicalRelation
Chen Gang,participated
Martin Londgaard Hansen,participated
Martin Londgaard Hansen,geographicalRelation
Dong Jiong,geographicalRelation
Dong Jiong,participated
Thomas Stuer-Lauridsen,participated
Thomas Stuer-Lauridsen,geographicalRelation
Indra Wijaya,geographicalRelation
Indra Wijaya,participated
Ong Ewe Hock,participated
Ong Ewe Hock,geographicalRelation
Sun Jun,geographicalRelation
Sun Jun,participated
Rashid Sidek,participated
Rashid Sidek,geographicalRelation
Hermawan Susanto,geographicalRelation
Hermawan Susanto,participated
Soren B. Nielsen,participated
Soren B. Nielsen,geographicalRelation
Allan Budi Kuksuma,geographicalRelation
Allan Budi Kuksuma,participated
Poul-Erik Hoyer-Larsen,participated
Poul-Erik Hoyer-Larsen,geographicalRelation
Budi Santoso,geographicalRelation
Budi Santoso,participated
Hu Zhilan,participated
Hu Zhilan,geographicalRelation
Fung Permadi,geographicalRelation
Fung Permadi,opposite
Indra,opposite
Wijaya,geographicalRelation
Sun Jun,geographicalRelation
Sun Jun,opposite
Allan Budi Kusuma,opposite
Allan Budi Kusuma,geographicalRelation
Gong Zhichao,geographicalRelation
Gong Zhichao,participated
Mia Audina,participated
Mia Audina,geographicalRelation
Ye Zhaoying,geographicalRelation
Ye Zhaoying,participated
Meiluawati,participated
Meiluawati,geographicalRelation
Camilla Martin,geographicalRelation
Camilla Martin,participated
Wang Chen,participated
Wang Chen,geographicalRelation
Susi Susanti,geographicalRelation
Susi Susanti,participated
Han Jingna,participated
Han Jingna,geographicalRelation
Susi Susanti,geographicalRelation
Susi Susanti,opposite
Camilla Martin,opposite
Camilla Martin,geographicalRelation
Ye Zhaoying,geographicalRelation
Ye Zhaoying,opposite
Gong Zichao,opposite
Gong Zichao,geographicalRelation
Werner Zwingmann,position-held
Werner Zwingmann,position-held
Werner Zwingmann,opposite
Nikolaus van der Pas,position-held
Franz Fischler,position-held
Fischler,contributes
Loyola de Palacio,equivalent-to
Loyola de Palacio,opposite
Fischler,opposite
Loyola de Palacio,position-held
Fischler,position-held
Fischler,position-held
John Lloyd Jones,position-held
John Lloyd Jones,usage
Jimi Hendrix,equivalent-to
Hendrix,contributes
Hendrix,geographicalRelation
Hendrix,relationship
Kathy Etchingham,relationship
Lien Chan,equivalent-to
Lien Chan,geographicalRelation
Lien Chan,opposite
Shen Guofang,position-held
Shen Guofang,opposite
Tang Shubei,position-held
Tang Shubei,position-held
Lien,equivalent-to
Lien,geographicalRelation
Lien,position-held
Tang Shubei,position-held
Costas Simitis,position-held
Costas Skandalidis,position-held
Dimitris Kontogiannis,position-held
Itamar Rabinovich,position-held
Itamar Rabinovich,position-held
Itamar Rabinovich,position-held
Eliahu Ben-Elissar,position-held
Eliahu Ben-Elissar,position-held
Eliahu Ben-Elissar,equivalent-to
Hafez al- ) Assad,equivalent-to
David Levy,equivalent-to
David Levy,position-held
Benjamin Netanyahu,equivalent-to
Netanyahu,position-held
Netanyahu,position-held
Netanyahu,position-held
Netanyahu,position-held
Tadeusz Awdankiewicz,position-held
Tadeusz Awdankiewicz,geographicalRelation
Massoud Rajavi,position-held
Massoud Rajavi,geographicalRelation
Massoud Rajavi,position-held
Hassan Rastegar,position-held
Massoud Rajavi,position-held
Hassan Rastegar,geographicalRelation
Hassan Rastegar,position-held
Arafat,geographicalRelation
Yasser Arafat,position-held
Yasser Arafat,equivalent-to
Yasser Arafat,geographicalRelation
Yasser Arafat,equivalent-to
Arafat,equivalent-to
Arafat,geographicalRelation
Arafat,geographicalRelation
Shimon Peres,equivalent-to
Shimon Peres,geographicalRelation
Shimon Peres,geographicalRelation
Arafat,opposite
Arafat,equivalent-to
Benjamin Netanyahu,opposite
Benjamin Netanyahu,opposite
Arafat,opposite
Arafat,position-held
Arafat,geographicalRelation
Arafat,geographicalRelation
Arafat,relationship
Peres,relationship
Arafat,geographicalRelation
Peres,geographicalRelation
Yasser Arafat,relationship
Shimon Peres,relationship
Yasser Arafat,geographicalRelation
Shimon Peres,geographicalRelation
Wataru Kubo,position-held
Shulamit Aloni,position-held
St. Boniface,position-held
Brian Deegan,opposite
Yann Fouéré,position-held
Yann Fouéré,is-a
Alan Heusaff,position-held
Alan Heusaff,is-a
Peter Berresford Ellis,position-held
Bernard Le Nail,position-held
Brian Stowell,position-held
Ismail,position-held
Patteson,position-held
Patteson,position-held
Patteson,position-held
Patteson,position-held
Patteson,position-held
Patteson,position-held
Patteson,position-held
Patteson,position-held
Patteson,position-held
Rudolph Diehl,position-held
Grande,position-held
Grande,participated
Grande,participated
Grande,participated
Grande,participated
Grande,participated
Grande,participated
Grande,participated
Grande,participated
Derby-Lewis,opposite
Wolfe,position-held
Wolfe,position-held
Wolfe,position-held
Wolfe,position-held
Wolfe,position-held
Lord Hall,position-held
Lord Hall,position-held
Lord Hall,position-held
Lord Hall,position-held
Allan Nevins,contributes
Osborne,position-held
Osborne,participated
Osborne,participated
Osborne,participated
Osborne,position-held
Van Susteren,position-held
Van Susteren,position-held
Van Susteren,position-held
Van Susteren,position-held
Nicky Henson,position-held
Napoleon,position-held
Nicky Henson,contributes
Napoleon,contributes
Toby Jones,position-held
Squealer,position-held
Toby Jones,contributes
Squealer,contributes
Ralph Ineson,position-held
Boxer,position-held
Ralph Ineson,contributes
Boxer,contributes
Einstein,geographicalRelation
Einstein,position-held
Einstein,geographicalRelation
Einstein,relationship
Einstein,relationship
Einstein,relationship
Einstein,relationship
Porus,member
Perdiccas,participated
Gide,geographicalRelation
Gide,geographicalRelation
Gide,geographicalRelation
Gide,geographicalRelation
Gide,geographicalRelation
Augustus,position-held
Alexandra zu Schaumburg-Lippe,geographicalRelation
Vladan Đorđević,geographicalRelation
Solzhenitsyn,contributes
Afonso,relationship
Catherine of Braganza,relationship
Catherine of Braganza,relationship
King Charles II of England,relationship
King Charles II of England,position-held
Alfonso,position-held
Alfonso,position-held
Alfonso,position-held
Urraca,position-held
Urraca,position-held
Urraca,position-held
Alfonso VI,position-held
Schwarzenegger,position-held
Bruce Willis,position-held
Sylvester Stallone,position-held
Demi Moore,position-held
Helen Keller,contributes
Roger Baldwin,contributes
Crystal Eastman,contributes
Walter Nelles,contributes
Morris Ernst,contributes
Albert DeSilver,contributes
Arthur Garfield Hays,contributes
Jane Addams,contributes
Felix Frankfurter,contributes
Elizabeth Gurley Flynn,contributes
Rose Schneiderman,contributes
Helen Keller,position-held
Roger Baldwin,position-held
Crystal Eastman,position-held
Walter Nelles,position-held
Morris Ernst,position-held
Albert DeSilver,position-held
Arthur Garfield Hays,position-held
Jane Addams,position-held
Felix Frankfurter,position-held
Elizabeth Gurley Flynn,position-held
Rose Schneiderman,position-held
Norman Thomas,position-held
Norman Thomas,opposite
Harry F. Ward,opposite
Norman Thomas,opposite
Corliss Lamont,opposite
Norman Thomas,opposite
Elizabeth Gurley Flynn,opposite
John Haynes Holmes,position-held
John Haynes Holmes,opposite
Harry F. Ward,opposite
John Haynes Holmes,opposite
Corliss Lamont,opposite
John Haynes Holmes,opposite
Elizabeth Gurley Flynn,opposite
Morris Ernst,position-held
Morris Ernst,opposite
Harry F. Ward,opposite
Morris Ernst,opposite
Corliss Lamont,opposite
Morris Ernst,opposite
Elizabeth Gurley Flynn,opposite
Harry F. Ward,position-held
Corliss Lamont,position-held
Elizabeth Gurley Flynn,position-held
Ms. Hill,relationship
Ms. Hill,opposite
Ms. Hill,position-held
Sunetra Sarker,position-held
Sunetra Sarker,position-held
Wes Nelson,position-held
Wes Nelson,position-held
Matthew Wright,position-held
Matthew Wright,position-held
Nikki Sanderson,position-held
Nikki Sanderson,position-held
Abbas II Helmy Bey,is-a
Abbas II Helmy Bey,opposite
Abbas II Helmy Bey,position-held
Abbas II Helmy Bey,relationship
Abbas II Helmy Bey,equivalent-to
Abbās Ḥilmī Pasha,equivalent-to
Abbas II Helmy Bey,position-held
Abbas II,relationship
Muhammad Ali,relationship
Abbas II,geographicalRelation
Abbas II,equivalent-to
Abbas Hilmy,equivalent-to
Marianna Török de Szendrö,geographicalRelation
Marianna Török de Szendrö,member
Marianna Török de Szendrö,equivalent-to
Zübeyde Cavidan Hanım,equivalent-to
Michael Aris,relationship
Michelle Yeoh,contributes
Michael Aris,contributes
David Thewlis,contributes
Michael Aris,topic
Luc Besson,contributes
Michelle Yeoh,position-held
Michael Aris,position-held
David Thewlis,position-held
Cvjetko Popović,position-held
Gavrilo Princip,position-held
Muhamed Mehmedbašić,position-held
Nedeljko Čabrinović,position-held
Trifko Grabež,position-held
Vaso Čubrilović,position-held
Cvjetko Popović,position-held
Gavrilo Princip,position-held
Muhamed Mehmedbašić,position-held
Nedeljko Čabrinović,position-held
Trifko Grabež,position-held
Vaso Čubrilović,position-held
Carl Hugenberg,geographicalRelation
Carl Hugenberg,geographicalRelation
Carl Hugenberg,position-held
Carl Hugenberg,position-held
Carl Hugenberg,position-held
Hallstein,geographicalRelation
Hallstein,position-held
Hallstein,geographicalRelation
Hallstein,position-held
Hallstein,geographicalRelation
Hallstein,position-held
Walter Hallstein,position-held
Walter Hallstein,position-held
Walter Hallstein,position-held
Walter Hallstein,position-held
Walter Hallstein,position-held
Walter Hallstein,position-held
Walter Hallstein,position-held
Walter Hallstein,position-held
Walter Hallstein,position-held
Walter Hallstein,position-held
Ford,geographicalRelation
Ford,position-held
Ford,geographicalRelation
Ford,position-held
Ford,geographicalRelation
Ford,position-held
Edmund of Langley,position-held
Edmund of Langley,relationship
Edward III,relationship
John of Gaunt,position-held
John of Gaunt,relationship
Edward III,relationship
Liu Bei,participated
Sun Quan,participated
Sun Quan,position-held
Lü Meng,position-held
Imelda,position-held
Spivak,position-held
Spivak,position-held
Spivak,position-held
Spivak,position-held
Spivak,position-held
Spivak,position-held
Spivak,position-held
Spivak,position-held
Spivak,position-held
Spivak,position-held
Spivak,position-held
Shalala,position-held
Shalala,position-held
Shalala,position-held
Shalala,position-held
Shalala,position-held
Shalala,position-held
Shalala,position-held
Shalala,position-held
Kuropatkin,geographicalRelation
Kuropatkin,position-held
Kuropatkin,geographicalRelation
Kuropatkin,geographicalRelation
Kuropatkin,geographicalRelation
Kuropatkin,geographicalRelation
Kuropatkin,geographicalRelation
Agamben,geographicalRelation
Agamben,position-held
Agamben,geographicalRelation
Agamben,position-held
Agamben,geographicalRelation
Agamben,position-held
Agamben,geographicalRelation
Agamben,position-held
Agamben,geographicalRelation
Agamben,position-held
Agamben,geographicalRelation
Agamben,position-held
Knox,geographicalRelation
Andrea Fischer,position-held
Andrea Fischer,member
Major,position-held
Major,participated
Major,participated
Major,participated
Major,participated
Major,participated
Wyden,position-held
Wyden,position-held
Wyden,position-held
Wyden,opposite
Schirra,geographicalRelation
Schirra,position-held
Schirra,position-held
Yukimasa Kishino,contributes
Akio Ōtsuka,contributes
Jūrōta Kosugi,contributes
Kaoru Katō,contributes
Yōko,contributes
Tsumugi Ōsawa,contributes
Yōko Saitō,contributes
Fumiko Orikasa,contributes
Kazue Nakamoto,contributes
Seiko Yoshida,contributes
Yukimasa Kishino,position-held
Akio Ōtsuka,position-held
Jūrōta Kosugi,position-held
Kaoru Katō,position-held
Yōko,position-held
Tsumugi Ōsawa,position-held
Yōko Saitō,position-held
Fumiko Orikasa,position-held
Kazue Nakamoto,position-held
Seiko Yoshida,position-held
Mamiko Noto,position-held
Sanzō,contributes
Fumihiko Tachiki,contributes
Sanzō,contributes
Kōji Ishii,contributes
Sanzō,contributes
Masaaki Tsukada,contributes
Sanzō,contributes
Naomi Otome,contributes
Sanzō,position-held
Fumihiko Tachiki,position-held
Sanzō,position-held
Kōji Ishii,position-held
Sanzō,position-held
Masaaki Tsukada,position-held
Sanzō,position-held
Naomi Otome,position-held
Hall,position-held
Hall,position-held
Billy the Kid,geographicalRelation
John Chisum,geographicalRelation
Lawrence Murphy,geographicalRelation
Hamilton,geographicalRelation
Hamilton,position-held
Hamilton,position-held
Hamilton,geographicalRelation
Hamilton,position-held
Gavrilo Princip,geographicalRelation
Nedeljko Čabrinović,geographicalRelation
Trifko Grabež,geographicalRelation
Gwen Cooper,member
Gwen Cooper,contributes
Eve Myles,contributes
Gwen Cooper,position-held
Eve Myles,position-held
Eve Myles,equivalent-to
Myles,equivalent-to
Ianto Jones,member
Ianto Jones,contributes
Gareth David-Lloyd,contributes
Ianto Jones,position-held
Gareth David-Lloyd,position-held
Luke Smith,member
Luke Smith,contributes
Tommy Knight,contributes
Luke Smith,position-held
Tommy Knight,position-held
Mr Smith,member
Mr Smith,contributes
Alexander Armstrong,contributes
Mr Smith,position-held
Alexander Armstrong,position-held
Alexander Armstrong,equivalent-to
Armstrong,equivalent-to
Titan Cronus,relationship
Titan Cronus,equivalent-to
Knowles,position-held
Jack Splash,position-held
Knowles,position-held
Shea Taylor,position-held
Knowles,position-held
Mr. Familiar,position-held
Knowles,position-held
Lamont Dozier,position-held
Knowles,position-held
Knowles,position-held
Knowles,position-held
Pharrell Williams,position-held
Knowles,position-held
Bilal,position-held
Knowles,position-held
Q-Tip,position-held
Knowles,position-held
Lil Wayne,position-held
Cooper,position-held
Cooper,position-held
Cooper,position-held
Cooper,position-held
Cooper,position-held
Cooper,position-held
Cooper,position-held
Cooper,position-held
Cooper,position-held
Cooper,position-held
Cooper,position-held
Cooper,position-held
Pierre Elliott Trudeau,geographicalRelation
James Bond,member
Tracy Bond,member
Tracy Bond,contributes
Diana Rigg,contributes
Tracy Bond,position-held
Diana Rigg,position-held
Irma Bunt,member
Irma Bunt,contributes
Ilse Steppat,contributes
Irma Bunt,position-held
Ilse Steppat,position-held
Peterlin,position-held
Peterlin,position-held
Peterlin,position-held
Peterlin,position-held
Bennett,position-held
Bennett,position-held
Bennett,position-held
Bennett,position-held
Bennett,position-held
Lawrence Murphy,opposite
John Tunstall,opposite
Lawrence Murphy,opposite
McSween,opposite
Dolan,opposite
John Tunstall,opposite
Dolan,opposite
McSween,opposite
Michele Besso,relationship
Stephen Samuel Wise,relationship
Cooper,relationship
Oliver Coleman,relationship
Cooper,relationship
Walter Dyett,relationship
Cooper,geographicalRelation
Cooper,position-held
Cooper,geographicalRelation
Cooper,position-held
Adjoa Andoh,position-held
Francine Jones,position-held
Penelope Wilton,position-held
Harriet Jones,position-held
Martha,relationship
Francine Jones,relationship
Martha,relationship
Harriet Jones,relationship
Adjoa Andoh,contributes
Francine Jones,contributes
Penelope Wilton,contributes
Harriet Jones,contributes
Charpentier,position-held
Charpentier,position-held
Charpentier,position-held
Hughes,geographicalRelation
Hughes,participated
Hughes,position-held
George Hearn,position-held
Angela Lansbury,position-held
Doctor,contributes
David Tennant,contributes
Doctor,opposite
Doctor,position-held
David Tennant,position-held
Donna Noble,contributes
Catherine Tate,contributes
Donna Noble,opposite
Donna Noble,position-held
Catherine Tate,position-held
Jack Harkness,contributes
John Barrowman,contributes
Jack Harkness,opposite
Jack Harkness,position-held
John Barrowman,position-held
Martha Jones,contributes
Freema Agyeman,contributes
Martha Jones,opposite
Martha Jones,position-held
Freema Agyeman,position-held
Sarah Jane Smith,contributes
Elisabeth Sladen,contributes
Sarah Jane Smith,opposite
Sarah Jane Smith,position-held
Elisabeth Sladen,position-held
Rose Tyler,contributes
Billie Piper,contributes
Rose Tyler,opposite
Rose Tyler,position-held
Billie Piper,position-held
Doctor,contributes
Richard E. Grant,contributes
Doctor,contributes
Jim Broadbent,contributes
Doctor,contributes
Hugh Grant,contributes
Doctor,contributes
Joanna Lumley,contributes
Doctor,position-held
Richard E. Grant,position-held
Doctor,position-held
Jim Broadbent,position-held
Doctor,position-held
Hugh Grant,position-held
Doctor,position-held
Joanna Lumley,position-held
Gabriel,participated
Jeremy,position-held
Jeremy,position-held
Jeremy,equivalent-to
Jeremy,equivalent-to
Jeremy,member
Claudia Black,position-held
Claudia Black,position-held
Aeryn Sun,position-held
Claudia Black,contributes
Aeryn Sun,contributes
Virginia Hey,position-held
Virginia Hey,position-held
Pa 'u Zotoh Zhaan,position-held
Virginia Hey,contributes
Pa 'u Zotoh Zhaan,contributes
Kuyper,position-held
Kuyper,position-held
Kuyper,position-held
Kuyper,position-held
Kuyper,position-held
Kuyper,position-held
Kuyper,position-held
Kuyper,position-held
Kuyper,position-held
Kuyper,position-held
Gellar,position-held
Gellar,position-held
Smirnov,position-held
Smirnov,position-held
Smirnov,position-held
Gabriel,participated
Gabriel,position-held
Kevin O 'Connell,position-held
Greg P. Russell,position-held
Lee Orloff,position-held
Scottish Executive,position-held
Scottish Executive,position-held
Scottish Executive,position-held
Redgrave,participated
Redgrave,participated
Redgrave,participated
Redgrave,participated
Redgrave,participated
Redgrave,participated
Redgrave,participated
Redgrave,participated
Redgrave,position-held
Arthur Miller,position-held
Redgrave,position-held
Tennessee Williams,position-held
Otto Scherzer,position-held
Georg Joos,position-held
Otto Heckmann,position-held
Jack Yardley,geographicalRelation
Jack Yardley,position-held
Henry Appelman,geographicalRelation
Henry Appelman,position-held
Tom Kent,geographicalRelation
Tom Kent,position-held
Camper,relationship
Frederika Theodora Ernestina Camper,relationship
Frederika Theodora Ernestina Camper,geographicalRelation
Frederika Theodora Ernestina Camper,geographicalRelation
Frederika Theodora Ernestina Camper,geographicalRelation
Albarn,position-held
Robert 3D Del Naja,position-held
Albarn,position-held
Albarn,position-held
Albarn,position-held
Robert 3D Del Naja,member
Robert 3D Del Naja,position-held
Rose Nadler,contributes
L. Scott Caldwell,contributes
Rose Nadler,relationship
Bernard Nadler,relationship
Rose Nadler,position-held
L. Scott Caldwell,position-held
Bernard Nadler,contributes
Sam Anderson,contributes
Bernard Nadler,position-held
Sam Anderson,position-held
Addison Montgomery-Shepherd,contributes
Kate Walsh,contributes
Addison Montgomery-Shepherd,relationship
Derek Shepherd,relationship
Addison Montgomery-Shepherd,position-held
Kate Walsh,position-held
Derek Shepherd,contributes
Patrick Dempsey,contributes
Derek Shepherd,position-held
Patrick Dempsey,position-held
Izzie Stevens,contributes
Katherine Heigl,contributes
Izzie Stevens,position-held
Katherine Heigl,position-held
Denny Duquette,contributes
Jeffrey Dean Morgan,contributes
Denny Duquette,position-held
Jeffrey Dean Morgan,position-held
Meredith Grey,contributes
Ellen Pompeo,contributes
Meredith Grey,position-held
Ellen Pompeo,position-held
Finn Dandridge,contributes
Chris O 'Donnell,contributes
Finn Dandridge,position-held
Chris O 'Donnell,position-held
Rustam Ibrahimbeyov,participated
Vladimir Menshov,participated
John Sevier,member
Hanging Maw,equivalent-to
Hanging Maw,geographicalRelation
Young,geographicalRelation
Young,position-held
Young,geographicalRelation
Young,position-held
Young,geographicalRelation
Young,position-held
Usher,participated
Usher,participated
Usher,participated
Finland,geographicalRelation
Finland,geographicalRelation
Finland,geographicalRelation
Finland,geographicalRelation
Finland,geographicalRelation
Lyuba Berlin,contributes
Nata Babushkina,contributes
Lyuba Berlin,member
Nata Babushkina,member
Aesculapius,is-a
Aesculapius,is-a
Aesculapius,member
Aesculapius,relationship
Apollo,relationship
Aesculapius,relationship
Coronis,relationship
Apollo,contributes
Coronis,contributes
Venus,equivalent-to
Jones,position-held
Jones,contributes
Jones,contributes
Hiram G. Bond,geographicalRelation
Hiram G. Bond,geographicalRelation
Leigh S. J. Hunt,geographicalRelation
Alessandra Becatti,member
Alessandra Becatti,position-held
Donna Noble,contributes
Catherine Tate,contributes
Donna Noble,position-held
Catherine Tate,position-held
Rose Tyler,contributes
Billie Piper,contributes
Rose Tyler,position-held
Billie Piper,position-held
Brewster,contributes
Brewster,geographicalRelation
Brewster,position-held
Brewster,participated
Brewster,geographicalRelation
Brewster,position-held
Hermann Sudermann,contributes
Magda,equivalent-to
Magda,geographicalRelation
Magda,position-held
Henry Stephenson,position-held
Magda,position-held
Charles Waldron,position-held
Tom Gehrels,geographicalRelation
María Lidón,equivalent-to
María Lidón,equivalent-to
Juan Miguel Aguilera,equivalent-to
Elizabeth Mitchell,position-held
Juliet Burke,position-held
Elizabeth Mitchell,contributes
Juliet Burke,contributes
Kiele Sanchez,position-held
Nikki Fernandez,position-held
Rodrigo Santoro,position-held
Paulo,position-held
Kiele Sanchez,contributes
Nikki Fernandez,contributes
Rodrigo Santoro,contributes
Paulo,contributes
Jay Boekelheide,participated
Mark Berger,participated
Tom Scott,participated
Randy Thom,participated
David MacMillan,participated
Peterlin,geographicalRelation
Peterlin,position-held
Peterlin,geographicalRelation
Peterlin,position-held
Adele Webber,contributes
Loretta Devine,contributes
Adele Webber,position-held
Loretta Devine,position-held
Finn Dandrige,contributes
Chris O 'Donnell,contributes
Finn Dandrige,position-held
Chris O 'Donnell,position-held
Dr. Ellis Grey,contributes
Kate Burton,contributes
Dr. Ellis Grey,position-held
Kate Burton,position-held
Olivia Harper,contributes
Sarah Utterback,contributes
Olivia Harper,position-held
Sarah Utterback,position-held
Earl Bellamy,contributes
Richard Boone,position-held
Stewart Petersen,position-held
Henry Wilcoxon,position-held
Smallville,participated
Smallville,participated
Pierce,contributes
Sarah Jane Smith,contributes
Elisabeth Sladen,contributes
Sarah Jane Smith,relationship
Tenth Doctor,relationship
Sarah Jane Smith,opposite
Sarah Jane Smith,position-held
Elisabeth Sladen,position-held
Martha Jones,contributes
Freema Agyeman,contributes
Martha Jones,relationship
Tenth Doctor,relationship
Martha Jones,opposite
Martha Jones,position-held
Freema Agyeman,position-held
Tenth Doctor,member
Tenth Doctor,contributes
David Tennant,contributes
Tenth Doctor,position-held
David Tennant,position-held
Caruso,geographicalRelation
Caruso,geographicalRelation
Caruso,geographicalRelation
Caruso,geographicalRelation
Caruso,geographicalRelation
Caruso,member
Caruso,geographicalRelation
Caruso,geographicalRelation
Caruso,geographicalRelation
Caruso,geographicalRelation
Caruso,geographicalRelation
Michael Winner,contributes
Michael Caine,position-held
Roger Moore,position-held
Neptune,member
Jupiter,member
Pluto,member
Pliny the Elder,contributes
Tom,contributes
M. C. Gainey,contributes
Tom,position-held
M. C. Gainey,position-held
Ethan Rom,contributes
William Mapother,contributes
Ethan Rom,position-held
William Mapother,position-held
de Graaf,position-held
de Graaf,position-held
Simpson,position-held
Simpson,position-held
Simpson,contributes
Constantine XI Palaiologos,member
Kolokotronis,member
Miloš Obilić,member
Tzar Lazar,member
Đurađ I Balšić,member
Ivan Crnojević,member
George Kastrioti Skanderbeg,member
Nikola Karev,member
Vasil Levski,member
Hristo Botev,member
Nikola Šubić Zrinjski,member
Manchester,geographicalRelation
Manchester,geographicalRelation
Manchester,geographicalRelation
Manchester,geographicalRelation
Ray Price,contributes
Ray Price,participated
Johnny Cash,contributes
Johnny Cash,participated
Miranda Bailey,contributes
Chandra Wilson,contributes
Miranda Bailey,relationship
Chandra Wilson,relationship
Miranda Bailey,position-held
Chandra Wilson,position-held
Mark Sloan,contributes
Dane,contributes
Mark Sloan,geographicalRelation
Mark Sloan,relationship
Montgomery,relationship
Mark Sloan,position-held
Dane,position-held
Callie Torres,contributes
Sara Ramirez,contributes
Callie Torres,position-held
Sara Ramirez,position-held
Tom Gehrels,equivalent-to
Tom Gehrels,geographicalRelation
Henry Ian Cusick,position-held
Desmond Hume,position-held
Desmond Hume,equivalent-to
Henry Ian Cusick,contributes
Desmond Hume,contributes
Michael Emerson,position-held
Ben Linus,position-held
Michael Emerson,contributes
Ben Linus,contributes
Saha,geographicalRelation
Saha,position-held
Saha,geographicalRelation
Saha,position-held
Izzie Stevens,contributes
Katherine Heigl,contributes
Izzie Stevens,relationship
Denny Duquette,relationship
Izzie Stevens,position-held
Katherine Heigl,position-held
Denny Duquette,contributes
Jeffrey Dean Morgan,contributes
Denny Duquette,position-held
Jeffrey Dean Morgan,position-held
Fraser,position-held
Fraser,position-held
Fraser,position-held
Fraser,position-held
Fraser,position-held
Robin Williams,position-held
Scott Weinger,position-held
García,geographicalRelation
García,position-held
García,geographicalRelation
García,position-held
Amdahl,position-held
Amdahl,position-held
Amdahl,geographicalRelation
Amdahl,position-held
Hall,contributes
NeNe Leakes,position-held
Nicki Minaj,position-held
Rihanna,position-held
Solange Knowles,position-held
Beyoncé,position-held
Hall,equivalent-to
Sharkeisha,equivalent-to
Hall,contributes
Sharkeisha,contributes
Sharkeisha,position-held
Mariah Carey,position-held
Mark C Lidwill,geographicalRelation
Mark C Lidwill,position-held
Richard Harrison,geographicalRelation
Richard Harrison,position-held
J. D. H. Slater,geographicalRelation
J. D. H. Slater,position-held
A. Grabham,geographicalRelation
A. Grabham,position-held
Tyas,geographicalRelation
Tyas,position-held
Tyas,geographicalRelation
Tyas,position-held
Tyas,geographicalRelation
Tyas,position-held
Tyas,geographicalRelation
Tyas,position-held
Tyas,geographicalRelation
Tyas,position-held
Tyas,geographicalRelation
Tyas,position-held
Tyas,geographicalRelation
Tyas,position-held
Tyas,geographicalRelation
Tyas,position-held
Tyas,geographicalRelation
Tyas,position-held
Tyas,geographicalRelation
Tyas,position-held
Tyas,geographicalRelation
Tyas,position-held
Lutz D. Schmadel,contributes
Lutz D. Schmadel,relationship
Lindsay,position-held
Rachel,position-held
Bonaparte,geographicalRelation
Bonaparte,position-held
Gustav IV Adolf,position-held
von Fersen,position-held
von Fersen,geographicalRelation
von Fersen,position-held
Flexner,geographicalRelation
Flexner,position-held
Flexner,geographicalRelation
Flexner,position-held
Flexner,geographicalRelation
Flexner,position-held
Flexner,geographicalRelation
Jeffrey Lieber,contributes
J. J. Abrams,contributes
Damon Lindelof,contributes
J. J. Abrams,equivalent-to
Abrams,equivalent-to
Grissom,geographicalRelation
Grissom,position-held
Lynn Ahrens,participated
Stephen Flahertyin,participated
Mark Harmon,member
Mark Harmon,position-held
Schirra,position-held
Mark Harmon,contributes
Schirra,contributes
John Mese,member
John Mese,position-held
Eisele,position-held
John Mese,contributes
Eisele,contributes
Fredric Lehne,member
Fredric Lehne,position-held
Cunningham,position-held
Fredric Lehne,contributes
Cunningham,contributes
Max Wright,member
Max Wright,position-held
Wendt,position-held
Max Wright,contributes
Wendt,contributes
Shenton,relationship
Ellis Hillman,relationship
Shenton,equivalent-to
Shenton,equivalent-to
Shenton,equivalent-to
Shenton,equivalent-to
Ellis Hillman,geographicalRelation
Ellis Hillman,position-held
Ellis Hillman,position-held
Catherine Zeta-Jones,position-held
Velma Kelly,position-held
Catherine Zeta-Jones,contributes
Velma Kelly,contributes
Susan Misner,position-held
Liz,position-held
Susan Misner,contributes
Liz,contributes
Denise Faye,position-held
Annie,position-held
Denise Faye,contributes
Annie,contributes
Ekaterina Shchelkanova,position-held
Katalin Helinszki,position-held
Ekaterina Shchelkanova,contributes
Katalin Helinszki,contributes
Katalin Helinszki,equivalent-to
Hunyak,equivalent-to
Mýa,position-held
Mona,position-held
Mýa,contributes
Mona,contributes
Beau Bridges,participated
Beau Bridges,position-held
Simon Kress,position-held
Beau Bridges,position-held
Beau Bridges,position-held
Beau Bridges,contributes
Simon Kress,contributes
